{
  "project_info": {
    "project_number": "32407201249",
    "firebase_url": "https://gatyatmakjyotish-d1784.firebaseio.com",
    "project_id": "gatyatmakjyotish-d1784",
    "storage_bucket": "gatyatmakjyotish-d1784.appspot.com"
  },
  "client": [
    {
      "client_info": {
        "mobilesdk_app_id": "1:32407201249:android:d3fbc5e6f43fc88a",
        "android_client_info": {
          "package_name": "com.example.ridhi.gatyatmakjyotish"
        }
      },
      "oauth_client": [
        {
          "client_id": "32407201249-m9195vnb0mkffk3givuel66hid5sfa95.apps.googleusercontent.com",
          "client_type": 3
        }
      ],
      "api_key": [
        {
          "current_key": "AIzaSyCsk0Th8op83GCgYAMofVtOgA3a5YDjJbQ"
        }
      ],
      "services": {
        "appinvite_service": {
          "other_platform_oauth_client": [
            {
              "client_id": "32407201249-m9195vnb0mkffk3givuel66hid5sfa95.apps.googleusercontent.com",
              "client_type": 3
            }
          ]
        }
      }
    }
  ],
  "configuration_version": "1"
}